{"cameraMode":{"drawMode":0,"name":"Shaded","section":"Shading Mode"},"sceneLighting":false,"audioPlay":false,"sceneViewState":{"m_AlwaysRefresh":false,"showFog":true,"showSkybox":false,"showFlares":true,"showImageEffects":true,"showParticleSystems":true,"showVisualEffectGraphs":true,"m_FxEnabled":true},"in2DMode":false,"pivot":{"x":-0.2349095642566681,"y":-0.07452671229839325,"z":0.2909066379070282},"rotation":{"x":0.13036763668060304,"y":-0.656199038028717,"z":0.11658301949501038,"w":0.7340314388275147},"size":0.49418875575065615,"orthographic":false}