{"cameraMode":{"drawMode":0,"name":"Shaded","section":"Shading Mode"},"sceneLighting":false,"audioPlay":false,"sceneViewState":{"m_AlwaysRefresh":false,"showFog":true,"showSkybox":false,"showFlares":true,"showImageEffects":true,"showParticleSystems":true,"showVisualEffectGraphs":true,"m_FxEnabled":true},"in2DMode":false,"pivot":{"x":-0.0733441635966301,"y":0.10027602314949036,"z":0.022124990820884706},"rotation":{"x":0.11934294551610947,"y":-0.6578744649887085,"z":0.10672735422849655,"w":0.7359045147895813},"size":0.3400849997997284,"orthographic":false}