{"cameraMode":{"drawMode":0,"name":"Shaded","section":"Shading Mode"},"sceneLighting":true,"audioPlay":false,"sceneViewState":{"m_AlwaysRefresh":false,"showFog":true,"showSkybox":true,"showFlares":true,"showImageEffects":true,"showParticleSystems":true,"showVisualEffectGraphs":true,"m_FxEnabled":true},"in2DMode":false,"pivot":{"x":-0.056051552295684817,"y":0.12878355383872987,"z":-0.1778031289577484},"rotation":{"x":0.07846501469612122,"y":-0.7289332747459412,"z":0.0848076269030571,"w":0.674759566783905},"size":0.20670582354068757,"orthographic":false}