{"cameraMode":{"drawMode":0,"name":"Shaded","section":"Shading Mode"},"sceneLighting":false,"audioPlay":false,"sceneViewState":{"m_AlwaysRefresh":false,"showFog":true,"showSkybox":false,"showFlares":true,"showImageEffects":true,"showParticleSystems":true,"showVisualEffectGraphs":true,"m_FxEnabled":true},"in2DMode":false,"pivot":{"x":-0.6108886003494263,"y":-0.03845047950744629,"z":-0.5415348410606384},"rotation":{"x":0.031186183914542199,"y":-0.8994496464729309,"z":0.06515397876501084,"w":0.43096399307250979},"size":1.110234260559082,"orthographic":false}